Plant,Growth_stage,Plant_season,Timestamp_Per_Month
rice,Seedling,September,2025-01-01
rice,Seedling,September,2025-01-01
rice,Seedling,September,2025-01-01
rice,Flowering,June,2025-01-01
rice,Vegetative,March,2025-01-01
rice,Flowering,June,2025-01-01
rice,Seedling,September,2025-01-01
rice,Seedling,September,2025-01-01
rice,Flowering,June,2025-01-01
rice,Seedling,September,2025-01-01
rice,Seedling,September,2025-01-01
rice,Seedling,September,2025-01-01
rice,Flowering,June,2025-01-01
rice,Seedling,September,2025-01-01
rice,Vegetative,March,2025-01-01
rice,Flowering,June,2025-01-01
rice,Flowering,June,2025-01-01
rice,Flowering,June,2025-01-01
rice,Vegetative,March,2025-01-01
rice,Vegetative,March,2025-01-01
rice,Vegetative,March,2025-01-01
rice,Flowering,June,2025-01-01
rice,Flowering,June,2025-01-01
rice,Seedling,September,2025-01-01
rice,Flowering,June,2025-01-01
rice,Seedling,September,2025-01-01
rice,Seedling,September,2025-01-01
rice,Flowering,June,2025-01-01
rice,Vegetative,March,2025-01-01
rice,Flowering,June,2025-01-01
rice,Seedling,September,2025-01-01
rice,Seedling,September,2025-01-01
rice,Seedling,September,2025-01-01
rice,Vegetative,March,2025-01-01
rice,Seedling,September,2025-01-01
rice,Seedling,September,2025-01-01
rice,Vegetative,March,2025-01-01
rice,Flowering,June,2025-01-01
rice,Vegetative,March,2025-01-01
rice,Flowering,June,2025-01-01
rice,Flowering,June,2025-01-01
rice,Flowering,June,2025-01-01
rice,Seedling,September,2025-01-01
rice,Seedling,September,2025-01-01
rice,Seedling,September,2025-01-01
rice,Vegetative,March,2025-01-01
rice,Vegetative,March,2025-01-01
rice,Vegetative,March,2025-01-01
rice,Flowering,June,2025-01-01
rice,Seedling,September,2025-01-01
rice,Seedling,September,2025-01-01
rice,Flowering,June,2025-01-01
rice,Seedling,September,2025-01-01
rice,Seedling,September,2025-01-01
rice,Vegetative,March,2025-01-01
rice,Seedling,September,2025-01-01
rice,Vegetative,March,2025-01-01
rice,Seedling,September,2025-01-01
rice,Vegetative,March,2025-01-01
rice,Seedling,September,2025-01-01
rice,Flowering,June,2025-01-01
rice,Vegetative,March,2025-01-01
rice,Flowering,June,2025-01-01
rice,Vegetative,March,2025-01-01
rice,Vegetative,March,2025-01-01
rice,Flowering,June,2025-01-01
rice,Seedling,September,2025-01-01
rice,Vegetative,March,2025-01-01
rice,Vegetative,March,2025-01-01
rice,Seedling,September,2025-01-01
rice,Vegetative,March,2025-01-01
rice,Vegetative,March,2025-01-01
rice,Vegetative,March,2025-01-01
rice,Flowering,June,2025-01-01
rice,Seedling,September,2025-01-01
rice,Seedling,September,2025-01-01
rice,Seedling,September,2025-01-01
rice,Flowering,June,2025-01-01
rice,Vegetative,March,2025-01-01
rice,Flowering,June,2025-01-01
rice,Seedling,September,2025-01-01
rice,Flowering,June,2025-01-01
rice,Flowering,June,2025-01-01
rice,Seedling,September,2025-01-01
rice,Vegetative,March,2025-01-01
rice,Flowering,June,2025-01-01
rice,Vegetative,March,2025-01-01
rice,Seedling,September,2025-01-01
rice,Seedling,September,2025-01-01
rice,Vegetative,March,2025-01-01
rice,Seedling,September,2025-01-01
rice,Vegetative,March,2025-01-01
rice,Seedling,September,2025-01-01
rice,Flowering,June,2025-01-01
rice,Flowering,June,2025-01-01
rice,Flowering,June,2025-01-01
rice,Flowering,June,2025-01-01
rice,Flowering,June,2025-01-01
rice,Seedling,September,2025-01-01
rice,Seedling,September,2025-01-01
maize,Vegetative,March,2025-01-01
maize,Seedling,September,2025-01-01
maize,Vegetative,March,2025-01-01
maize,Seedling,September,2025-01-01
maize,Seedling,September,2025-01-01
maize,Seedling,September,2025-01-01
maize,Flowering,June,2025-01-01
maize,Flowering,June,2025-01-01
maize,Vegetative,March,2025-01-01
maize,Seedling,September,2025-01-01
maize,Flowering,June,2025-01-01
maize,Seedling,September,2025-01-01
maize,Vegetative,March,2025-01-01
maize,Vegetative,March,2025-01-01
maize,Flowering,June,2025-01-01
maize,Seedling,September,2025-01-01
maize,Vegetative,March,2025-01-01
maize,Seedling,September,2025-01-01
maize,Flowering,June,2025-01-01
maize,Flowering,June,2025-01-01
maize,Vegetative,March,2025-01-01
maize,Seedling,September,2025-01-01
maize,Seedling,September,2025-01-01
maize,Vegetative,March,2025-01-01
maize,Vegetative,March,2025-01-01
maize,Flowering,June,2025-01-01
maize,Flowering,June,2025-01-01
maize,Seedling,September,2025-01-01
maize,Vegetative,March,2025-01-01
maize,Vegetative,March,2025-01-01
maize,Vegetative,March,2025-01-01
maize,Seedling,September,2025-02-01
maize,Vegetative,March,2025-02-01
maize,Vegetative,March,2025-02-01
maize,Seedling,September,2025-02-01
maize,Seedling,September,2025-02-01
maize,Seedling,September,2025-02-01
maize,Flowering,June,2025-02-01
maize,Seedling,September,2025-02-01
maize,Seedling,September,2025-02-01
maize,Vegetative,March,2025-02-01
maize,Flowering,June,2025-02-01
maize,Flowering,June,2025-02-01
maize,Seedling,September,2025-02-01
maize,Flowering,June,2025-02-01
maize,Seedling,September,2025-02-01
maize,Flowering,June,2025-02-01
maize,Seedling,September,2025-02-01
maize,Vegetative,March,2025-02-01
maize,Flowering,June,2025-02-01
maize,Flowering,June,2025-02-01
maize,Vegetative,March,2025-02-01
maize,Vegetative,March,2025-02-01
maize,Flowering,June,2025-02-01
maize,Seedling,September,2025-02-01
maize,Seedling,September,2025-02-01
maize,Vegetative,March,2025-02-01
maize,Seedling,September,2025-02-01
maize,Vegetative,March,2025-02-01
maize,Flowering,June,2025-03-01
maize,Vegetative,March,2025-03-01
maize,Seedling,September,2025-03-01
maize,Vegetative,March,2025-03-01
maize,Vegetative,March,2025-03-01
maize,Flowering,June,2025-03-01
maize,Seedling,September,2025-03-01
maize,Flowering,June,2025-03-01
maize,Seedling,September,2025-03-01
maize,Seedling,September,2025-03-01
maize,Vegetative,March,2025-03-01
maize,Flowering,June,2025-03-01
maize,Seedling,September,2025-03-01
maize,Vegetative,March,2025-03-01
maize,Vegetative,March,2025-03-01
maize,Flowering,June,2025-03-01
maize,Vegetative,March,2025-03-01
maize,Vegetative,March,2025-03-01
maize,Vegetative,March,2025-03-01
maize,Flowering,June,2025-03-01
maize,Seedling,September,2025-03-01
maize,Flowering,June,2025-03-01
maize,Flowering,June,2025-03-01
maize,Vegetative,March,2025-03-01
maize,Flowering,June,2025-03-01
maize,Flowering,June,2025-03-01
maize,Vegetative,March,2025-03-01
maize,Vegetative,March,2025-03-01
maize,Seedling,September,2025-03-01
maize,Flowering,June,2025-03-01
maize,Seedling,September,2025-03-01
maize,Flowering,June,2025-04-01
maize,Vegetative,March,2025-04-01
maize,Vegetative,March,2025-04-01
maize,Vegetative,March,2025-04-01
maize,Seedling,September,2025-04-01
maize,Flowering,June,2025-04-01
maize,Seedling,September,2025-04-01
maize,Seedling,September,2025-04-01
maize,Vegetative,March,2025-04-01
maize,Seedling,September,2025-04-01
chickpea,Flowering,June,2025-01-01
chickpea,Flowering,June,2025-01-01
chickpea,Vegetative,March,2025-01-01
chickpea,Vegetative,March,2025-01-01
chickpea,Vegetative,March,2025-01-01
chickpea,Vegetative,March,2025-01-01
chickpea,Flowering,June,2025-01-01
chickpea,Seedling,September,2025-01-01
chickpea,Flowering,June,2025-01-01
chickpea,Vegetative,March,2025-01-01
chickpea,Flowering,June,2025-01-01
chickpea,Vegetative,March,2025-01-01
chickpea,Flowering,June,2025-01-01
chickpea,Seedling,September,2025-01-01
chickpea,Vegetative,March,2025-01-01
chickpea,Seedling,September,2025-01-01
chickpea,Seedling,September,2025-01-01
chickpea,Flowering,June,2025-01-01
chickpea,Seedling,September,2025-01-01
chickpea,Flowering,June,2025-01-01
chickpea,Vegetative,March,2025-01-01
chickpea,Flowering,June,2025-01-01
chickpea,Flowering,June,2025-01-01
chickpea,Seedling,September,2025-01-01
chickpea,Seedling,September,2025-01-01
chickpea,Vegetative,March,2025-01-01
chickpea,Seedling,September,2025-01-01
chickpea,Seedling,September,2025-01-01
chickpea,Seedling,September,2025-01-01
chickpea,Flowering,June,2025-01-01
chickpea,Flowering,June,2025-01-01
chickpea,Seedling,September,2025-02-01
chickpea,Seedling,September,2025-02-01
chickpea,Vegetative,March,2025-02-01
chickpea,Vegetative,March,2025-02-01
chickpea,Flowering,June,2025-02-01
chickpea,Vegetative,March,2025-02-01
chickpea,Seedling,September,2025-02-01
chickpea,Seedling,September,2025-02-01
chickpea,Vegetative,March,2025-02-01
chickpea,Vegetative,March,2025-02-01
chickpea,Flowering,June,2025-02-01
chickpea,Vegetative,March,2025-02-01
chickpea,Seedling,September,2025-02-01
chickpea,Flowering,June,2025-02-01
chickpea,Seedling,September,2025-02-01
chickpea,Vegetative,March,2025-02-01
chickpea,Vegetative,March,2025-02-01
chickpea,Seedling,September,2025-02-01
chickpea,Flowering,June,2025-02-01
chickpea,Vegetative,March,2025-02-01
chickpea,Vegetative,March,2025-02-01
chickpea,Seedling,September,2025-02-01
chickpea,Seedling,September,2025-02-01
chickpea,Seedling,September,2025-02-01
chickpea,Vegetative,March,2025-02-01
chickpea,Vegetative,March,2025-02-01
chickpea,Vegetative,March,2025-02-01
chickpea,Seedling,September,2025-02-01
chickpea,Flowering,June,2025-03-01
chickpea,Seedling,September,2025-03-01
chickpea,Seedling,September,2025-03-01
chickpea,Flowering,June,2025-03-01
chickpea,Flowering,June,2025-03-01
chickpea,Seedling,September,2025-03-01
chickpea,Flowering,June,2025-03-01
chickpea,Vegetative,March,2025-03-01
chickpea,Vegetative,March,2025-03-01
chickpea,Vegetative,March,2025-03-01
chickpea,Flowering,June,2025-03-01
chickpea,Flowering,June,2025-03-01
chickpea,Flowering,June,2025-03-01
chickpea,Vegetative,March,2025-03-01
chickpea,Vegetative,March,2025-03-01
chickpea,Vegetative,March,2025-03-01
chickpea,Flowering,June,2025-03-01
chickpea,Vegetative,March,2025-03-01
chickpea,Seedling,September,2025-03-01
chickpea,Flowering,June,2025-03-01
chickpea,Vegetative,March,2025-03-01
chickpea,Seedling,September,2025-03-01
chickpea,Vegetative,March,2025-03-01
chickpea,Flowering,June,2025-03-01
chickpea,Flowering,June,2025-03-01
chickpea,Flowering,June,2025-03-01
chickpea,Flowering,June,2025-03-01
chickpea,Seedling,September,2025-03-01
chickpea,Flowering,June,2025-03-01
chickpea,Flowering,June,2025-03-01
chickpea,Seedling,September,2025-03-01
chickpea,Vegetative,March,2025-04-01
chickpea,Vegetative,March,2025-04-01
chickpea,Flowering,June,2025-04-01
chickpea,Seedling,September,2025-04-01
chickpea,Seedling,September,2025-04-01
chickpea,Vegetative,March,2025-04-01
chickpea,Flowering,June,2025-04-01
chickpea,Vegetative,March,2025-04-01
chickpea,Vegetative,March,2025-04-01
chickpea,Vegetative,March,2025-04-01
kidneybeans,Seedling,September,2025-01-01
kidneybeans,Vegetative,March,2025-01-01
kidneybeans,Vegetative,March,2025-01-01
kidneybeans,Vegetative,March,2025-01-01
kidneybeans,Vegetative,March,2025-01-01
kidneybeans,Flowering,June,2025-01-01
kidneybeans,Seedling,September,2025-01-01
kidneybeans,Seedling,September,2025-01-01
kidneybeans,Flowering,June,2025-01-01
kidneybeans,Flowering,June,2025-01-01
kidneybeans,Flowering,June,2025-01-01
kidneybeans,Flowering,June,2025-01-01
kidneybeans,Flowering,June,2025-01-01
kidneybeans,Vegetative,March,2025-01-01
kidneybeans,Vegetative,March,2025-01-01
kidneybeans,Seedling,September,2025-01-01
kidneybeans,Seedling,September,2025-01-01
kidneybeans,Seedling,September,2025-01-01
kidneybeans,Seedling,September,2025-01-01
kidneybeans,Flowering,June,2025-01-01
kidneybeans,Vegetative,March,2025-01-01
kidneybeans,Flowering,June,2025-01-01
kidneybeans,Vegetative,March,2025-01-01
kidneybeans,Flowering,June,2025-01-01
kidneybeans,Flowering,June,2025-01-01
kidneybeans,Flowering,June,2025-01-01
kidneybeans,Flowering,June,2025-01-01
kidneybeans,Seedling,September,2025-01-01
kidneybeans,Seedling,September,2025-01-01
kidneybeans,Vegetative,March,2025-01-01
kidneybeans,Seedling,September,2025-01-01
kidneybeans,Flowering,June,2025-02-01
kidneybeans,Vegetative,March,2025-02-01
kidneybeans,Seedling,September,2025-02-01
kidneybeans,Seedling,September,2025-02-01
kidneybeans,Seedling,September,2025-02-01
kidneybeans,Seedling,September,2025-02-01
kidneybeans,Seedling,September,2025-02-01
kidneybeans,Vegetative,March,2025-02-01
kidneybeans,Flowering,June,2025-02-01
kidneybeans,Flowering,June,2025-02-01
kidneybeans,Flowering,June,2025-02-01
kidneybeans,Flowering,June,2025-02-01
kidneybeans,Flowering,June,2025-02-01
kidneybeans,Flowering,June,2025-02-01
kidneybeans,Flowering,June,2025-02-01
kidneybeans,Vegetative,March,2025-02-01
kidneybeans,Seedling,September,2025-02-01
kidneybeans,Vegetative,March,2025-02-01
kidneybeans,Flowering,June,2025-02-01
kidneybeans,Flowering,June,2025-02-01
kidneybeans,Vegetative,March,2025-02-01
kidneybeans,Vegetative,March,2025-02-01
kidneybeans,Vegetative,March,2025-02-01
kidneybeans,Seedling,September,2025-02-01
kidneybeans,Seedling,September,2025-02-01
kidneybeans,Flowering,June,2025-02-01
kidneybeans,Flowering,June,2025-02-01
kidneybeans,Seedling,September,2025-02-01
kidneybeans,Flowering,June,2025-03-01
kidneybeans,Vegetative,March,2025-03-01
kidneybeans,Vegetative,March,2025-03-01
kidneybeans,Flowering,June,2025-03-01
kidneybeans,Vegetative,March,2025-03-01
kidneybeans,Flowering,June,2025-03-01
kidneybeans,Seedling,September,2025-03-01
kidneybeans,Flowering,June,2025-03-01
kidneybeans,Vegetative,March,2025-03-01
kidneybeans,Seedling,September,2025-03-01
kidneybeans,Seedling,September,2025-03-01
kidneybeans,Vegetative,March,2025-03-01
kidneybeans,Vegetative,March,2025-03-01
kidneybeans,Seedling,September,2025-03-01
kidneybeans,Flowering,June,2025-03-01
kidneybeans,Flowering,June,2025-03-01
kidneybeans,Vegetative,March,2025-03-01
kidneybeans,Seedling,September,2025-03-01
kidneybeans,Flowering,June,2025-03-01
kidneybeans,Seedling,September,2025-03-01
kidneybeans,Flowering,June,2025-03-01
kidneybeans,Seedling,September,2025-03-01
kidneybeans,Seedling,September,2025-03-01
kidneybeans,Vegetative,March,2025-03-01
kidneybeans,Vegetative,March,2025-03-01
kidneybeans,Seedling,September,2025-03-01
kidneybeans,Seedling,September,2025-03-01
kidneybeans,Vegetative,March,2025-03-01
kidneybeans,Flowering,June,2025-03-01
kidneybeans,Flowering,June,2025-03-01
kidneybeans,Flowering,June,2025-03-01
kidneybeans,Vegetative,March,2025-04-01
kidneybeans,Seedling,September,2025-04-01
kidneybeans,Vegetative,March,2025-04-01
kidneybeans,Seedling,September,2025-04-01
kidneybeans,Vegetative,March,2025-04-01
kidneybeans,Vegetative,March,2025-04-01
kidneybeans,Flowering,June,2025-04-01
kidneybeans,Seedling,September,2025-04-01
kidneybeans,Flowering,June,2025-04-01
kidneybeans,Seedling,September,2025-04-01
pigeonpeas,Seedling,September,2025-01-01
pigeonpeas,Vegetative,March,2025-01-01
pigeonpeas,Flowering,June,2025-01-01
pigeonpeas,Seedling,September,2025-01-01
pigeonpeas,Seedling,September,2025-01-01
pigeonpeas,Vegetative,March,2025-01-01
pigeonpeas,Seedling,September,2025-01-01
pigeonpeas,Flowering,June,2025-01-01
pigeonpeas,Vegetative,March,2025-01-01
pigeonpeas,Seedling,September,2025-01-01
pigeonpeas,Seedling,September,2025-01-01
pigeonpeas,Vegetative,March,2025-01-01
pigeonpeas,Vegetative,March,2025-01-01
pigeonpeas,Seedling,September,2025-01-01
pigeonpeas,Flowering,June,2025-01-01
pigeonpeas,Vegetative,March,2025-01-01
pigeonpeas,Vegetative,March,2025-01-01
pigeonpeas,Vegetative,March,2025-01-01
pigeonpeas,Flowering,June,2025-01-01
pigeonpeas,Flowering,June,2025-01-01
pigeonpeas,Vegetative,March,2025-01-01
pigeonpeas,Vegetative,March,2025-01-01
pigeonpeas,Vegetative,March,2025-01-01
pigeonpeas,Vegetative,March,2025-01-01
pigeonpeas,Seedling,September,2025-01-01
pigeonpeas,Vegetative,March,2025-01-01
pigeonpeas,Flowering,June,2025-01-01
pigeonpeas,Vegetative,March,2025-01-01
pigeonpeas,Seedling,September,2025-01-01
pigeonpeas,Seedling,September,2025-01-01
pigeonpeas,Seedling,September,2025-01-01
pigeonpeas,Seedling,September,2025-02-01
pigeonpeas,Seedling,September,2025-02-01
pigeonpeas,Flowering,June,2025-02-01
pigeonpeas,Flowering,June,2025-02-01
pigeonpeas,Vegetative,March,2025-02-01
pigeonpeas,Vegetative,March,2025-02-01
pigeonpeas,Seedling,September,2025-02-01
pigeonpeas,Flowering,June,2025-02-01
pigeonpeas,Seedling,September,2025-02-01
pigeonpeas,Flowering,June,2025-02-01
pigeonpeas,Seedling,September,2025-02-01
pigeonpeas,Seedling,September,2025-02-01
pigeonpeas,Flowering,June,2025-02-01
pigeonpeas,Flowering,June,2025-02-01
pigeonpeas,Vegetative,March,2025-02-01
pigeonpeas,Vegetative,March,2025-02-01
pigeonpeas,Flowering,June,2025-02-01
pigeonpeas,Flowering,June,2025-02-01
pigeonpeas,Seedling,September,2025-02-01
pigeonpeas,Flowering,June,2025-02-01
pigeonpeas,Vegetative,March,2025-02-01
pigeonpeas,Flowering,June,2025-02-01
pigeonpeas,Vegetative,March,2025-02-01
pigeonpeas,Flowering,June,2025-02-01
pigeonpeas,Vegetative,March,2025-02-01
pigeonpeas,Vegetative,March,2025-02-01
pigeonpeas,Flowering,June,2025-02-01
pigeonpeas,Flowering,June,2025-02-01
pigeonpeas,Vegetative,March,2025-03-01
pigeonpeas,Flowering,June,2025-03-01
pigeonpeas,Seedling,September,2025-03-01
pigeonpeas,Vegetative,March,2025-03-01
pigeonpeas,Vegetative,March,2025-03-01
pigeonpeas,Flowering,June,2025-03-01
pigeonpeas,Seedling,September,2025-03-01
pigeonpeas,Vegetative,March,2025-03-01
pigeonpeas,Flowering,June,2025-03-01
pigeonpeas,Vegetative,March,2025-03-01
pigeonpeas,Vegetative,March,2025-03-01
pigeonpeas,Flowering,June,2025-03-01
pigeonpeas,Seedling,September,2025-03-01
pigeonpeas,Seedling,September,2025-03-01
pigeonpeas,Seedling,September,2025-03-01
pigeonpeas,Seedling,September,2025-03-01
pigeonpeas,Seedling,September,2025-03-01
pigeonpeas,Seedling,September,2025-03-01
pigeonpeas,Flowering,June,2025-03-01
pigeonpeas,Vegetative,March,2025-03-01
pigeonpeas,Vegetative,March,2025-03-01
pigeonpeas,Seedling,September,2025-03-01
pigeonpeas,Seedling,September,2025-03-01
pigeonpeas,Vegetative,March,2025-03-01
pigeonpeas,Seedling,September,2025-03-01
pigeonpeas,Flowering,June,2025-03-01
pigeonpeas,Seedling,September,2025-03-01
pigeonpeas,Vegetative,March,2025-03-01
pigeonpeas,Flowering,June,2025-03-01
pigeonpeas,Seedling,September,2025-03-01
pigeonpeas,Vegetative,March,2025-03-01
pigeonpeas,Flowering,June,2025-04-01
pigeonpeas,Seedling,September,2025-04-01
pigeonpeas,Vegetative,March,2025-04-01
pigeonpeas,Seedling,September,2025-04-01
pigeonpeas,Flowering,June,2025-04-01
pigeonpeas,Seedling,September,2025-04-01
pigeonpeas,Flowering,June,2025-04-01
pigeonpeas,Flowering,June,2025-04-01
pigeonpeas,Flowering,June,2025-04-01
pigeonpeas,Flowering,June,2025-04-01
mothbeans,Flowering,June,2025-01-01
mothbeans,Vegetative,March,2025-01-01
mothbeans,Seedling,September,2025-01-01
mothbeans,Seedling,September,2025-01-01
mothbeans,Seedling,September,2025-01-01
mothbeans,Flowering,June,2025-01-01
mothbeans,Seedling,September,2025-01-01
mothbeans,Seedling,September,2025-01-01
mothbeans,Seedling,September,2025-01-01
mothbeans,Flowering,June,2025-01-01
mothbeans,Vegetative,March,2025-01-01
mothbeans,Flowering,June,2025-01-01
mothbeans,Seedling,September,2025-01-01
mothbeans,Vegetative,March,2025-01-01
mothbeans,Vegetative,March,2025-01-01
mothbeans,Vegetative,March,2025-01-01
mothbeans,Seedling,September,2025-01-01
mothbeans,Seedling,September,2025-01-01
mothbeans,Flowering,June,2025-01-01
mothbeans,Flowering,June,2025-01-01
mothbeans,Vegetative,March,2025-01-01
mothbeans,Vegetative,March,2025-01-01
mothbeans,Vegetative,March,2025-01-01
mothbeans,Seedling,September,2025-01-01
mothbeans,Flowering,June,2025-01-01
mothbeans,Seedling,September,2025-01-01
mothbeans,Seedling,September,2025-01-01
mothbeans,Seedling,September,2025-01-01
mothbeans,Seedling,September,2025-01-01
mothbeans,Vegetative,March,2025-01-01
mothbeans,Flowering,June,2025-01-01
mothbeans,Flowering,June,2025-02-01
mothbeans,Flowering,June,2025-02-01
mothbeans,Vegetative,March,2025-02-01
mothbeans,Seedling,September,2025-02-01
mothbeans,Flowering,June,2025-02-01
mothbeans,Vegetative,March,2025-02-01
mothbeans,Flowering,June,2025-02-01
mothbeans,Flowering,June,2025-02-01
mothbeans,Seedling,September,2025-02-01
mothbeans,Seedling,September,2025-02-01
mothbeans,Flowering,June,2025-02-01
mothbeans,Flowering,June,2025-02-01
mothbeans,Vegetative,March,2025-02-01
mothbeans,Seedling,September,2025-02-01
mothbeans,Vegetative,March,2025-02-01
mothbeans,Flowering,June,2025-02-01
mothbeans,Seedling,September,2025-02-01
mothbeans,Vegetative,March,2025-02-01
mothbeans,Vegetative,March,2025-02-01
mothbeans,Flowering,June,2025-02-01
mothbeans,Seedling,September,2025-02-01
mothbeans,Flowering,June,2025-02-01
mothbeans,Flowering,June,2025-02-01
mothbeans,Vegetative,March,2025-02-01
mothbeans,Vegetative,March,2025-02-01
mothbeans,Seedling,September,2025-02-01
mothbeans,Seedling,September,2025-02-01
mothbeans,Flowering,June,2025-02-01
mothbeans,Flowering,June,2025-03-01
mothbeans,Flowering,June,2025-03-01
mothbeans,Flowering,June,2025-03-01
mothbeans,Seedling,September,2025-03-01
mothbeans,Vegetative,March,2025-03-01
mothbeans,Seedling,September,2025-03-01
mothbeans,Vegetative,March,2025-03-01
mothbeans,Flowering,June,2025-03-01
mothbeans,Seedling,September,2025-03-01
mothbeans,Vegetative,March,2025-03-01
mothbeans,Vegetative,March,2025-03-01
mothbeans,Vegetative,March,2025-03-01
mothbeans,Flowering,June,2025-03-01
mothbeans,Flowering,June,2025-03-01
mothbeans,Vegetative,March,2025-03-01
mothbeans,Seedling,September,2025-03-01
mothbeans,Flowering,June,2025-03-01
mothbeans,Flowering,June,2025-03-01
mothbeans,Seedling,September,2025-03-01
mothbeans,Flowering,June,2025-03-01
mothbeans,Seedling,September,2025-03-01
mothbeans,Vegetative,March,2025-03-01
mothbeans,Vegetative,March,2025-03-01
mothbeans,Seedling,September,2025-03-01
mothbeans,Vegetative,March,2025-03-01
mothbeans,Seedling,September,2025-03-01
mothbeans,Seedling,September,2025-03-01
mothbeans,Flowering,June,2025-03-01
mothbeans,Flowering,June,2025-03-01
mothbeans,Seedling,September,2025-03-01
mothbeans,Vegetative,March,2025-03-01
mothbeans,Vegetative,March,2025-04-01
mothbeans,Flowering,June,2025-04-01
mothbeans,Seedling,September,2025-04-01
mothbeans,Flowering,June,2025-04-01
mothbeans,Vegetative,March,2025-04-01
mothbeans,Vegetative,March,2025-04-01
mothbeans,Vegetative,March,2025-04-01
mothbeans,Vegetative,March,2025-04-01
mothbeans,Flowering,June,2025-04-01
mothbeans,Flowering,June,2025-04-01
mungbean,Seedling,September,2025-04-01
mungbean,Seedling,September,2025-04-01
mungbean,Vegetative,March,2025-04-01
mungbean,Vegetative,March,2025-04-01
mungbean,Seedling,September,2025-04-01
mungbean,Vegetative,March,2025-04-01
mungbean,Seedling,September,2025-04-01
mungbean,Seedling,September,2025-04-01
mungbean,Vegetative,March,2025-04-01
mungbean,Seedling,September,2025-04-01
mungbean,Vegetative,March,2025-04-01
mungbean,Vegetative,March,2025-04-01
mungbean,Flowering,June,2025-04-01
mungbean,Vegetative,March,2025-04-01
mungbean,Flowering,June,2025-04-01
mungbean,Flowering,June,2025-04-01
mungbean,Seedling,September,2025-04-01
mungbean,Flowering,June,2025-04-01
mungbean,Seedling,September,2025-04-01
mungbean,Flowering,June,2025-04-01
mungbean,Flowering,June,2025-05-01
mungbean,Flowering,June,2025-05-01
mungbean,Vegetative,March,2025-05-01
mungbean,Seedling,September,2025-05-01
mungbean,Seedling,September,2025-05-01
mungbean,Vegetative,March,2025-05-01
mungbean,Seedling,September,2025-05-01
mungbean,Flowering,June,2025-05-01
mungbean,Flowering,June,2025-05-01
mungbean,Seedling,September,2025-05-01
mungbean,Vegetative,March,2025-05-01
mungbean,Flowering,June,2025-05-01
mungbean,Seedling,September,2025-05-01
mungbean,Seedling,September,2025-05-01
mungbean,Seedling,September,2025-05-01
mungbean,Seedling,September,2025-05-01
mungbean,Vegetative,March,2025-05-01
mungbean,Flowering,June,2025-05-01
mungbean,Flowering,June,2025-05-01
mungbean,Vegetative,March,2025-05-01
mungbean,Flowering,June,2025-05-01
mungbean,Vegetative,March,2025-05-01
mungbean,Seedling,September,2025-05-01
mungbean,Flowering,June,2025-05-01
mungbean,Vegetative,March,2025-05-01
mungbean,Vegetative,March,2025-05-01
mungbean,Vegetative,March,2025-05-01
mungbean,Vegetative,March,2025-05-01
mungbean,Flowering,June,2025-05-01
mungbean,Seedling,September,2025-05-01
mungbean,Flowering,June,2025-05-01
mungbean,Seedling,September,2025-06-01
mungbean,Flowering,June,2025-06-01
mungbean,Vegetative,March,2025-06-01
mungbean,Flowering,June,2025-06-01
mungbean,Seedling,September,2025-06-01
mungbean,Seedling,September,2025-06-01
mungbean,Flowering,June,2025-06-01
mungbean,Vegetative,March,2025-06-01
mungbean,Seedling,September,2025-06-01
mungbean,Flowering,June,2025-06-01
mungbean,Flowering,June,2025-06-01
mungbean,Vegetative,March,2025-06-01
mungbean,Vegetative,March,2025-06-01
mungbean,Vegetative,March,2025-06-01
mungbean,Vegetative,March,2025-06-01
mungbean,Vegetative,March,2025-06-01
mungbean,Vegetative,March,2025-06-01
mungbean,Vegetative,March,2025-06-01
mungbean,Seedling,September,2025-06-01
mungbean,Vegetative,March,2025-06-01
mungbean,Seedling,September,2025-06-01
mungbean,Vegetative,March,2025-06-01
mungbean,Vegetative,March,2025-06-01
mungbean,Flowering,June,2025-06-01
mungbean,Vegetative,March,2025-06-01
mungbean,Seedling,September,2025-06-01
mungbean,Vegetative,March,2025-06-01
mungbean,Flowering,June,2025-06-01
mungbean,Seedling,September,2025-06-01
mungbean,Flowering,June,2025-06-01
mungbean,Vegetative,March,2025-07-01
mungbean,Vegetative,March,2025-07-01
mungbean,Vegetative,March,2025-07-01
mungbean,Seedling,September,2025-07-01
mungbean,Seedling,September,2025-07-01
mungbean,Seedling,September,2025-07-01
mungbean,Flowering,June,2025-07-01
mungbean,Vegetative,March,2025-07-01
mungbean,Flowering,June,2025-07-01
mungbean,Flowering,June,2025-07-01
mungbean,Vegetative,March,2025-07-01
mungbean,Seedling,September,2025-07-01
mungbean,Vegetative,March,2025-07-01
mungbean,Flowering,June,2025-07-01
mungbean,Flowering,June,2025-07-01
mungbean,Vegetative,March,2025-07-01
mungbean,Vegetative,March,2025-07-01
mungbean,Seedling,September,2025-07-01
mungbean,Seedling,September,2025-07-01
blackgram,Flowering,June,2025-01-01
blackgram,Vegetative,March,2025-01-01
blackgram,Seedling,September,2025-01-01
blackgram,Flowering,June,2025-01-01
blackgram,Flowering,June,2025-01-01
blackgram,Flowering,June,2025-01-01
blackgram,Seedling,September,2025-01-01
blackgram,Vegetative,March,2025-01-01
blackgram,Vegetative,March,2025-01-01
blackgram,Seedling,September,2025-01-01
blackgram,Flowering,June,2025-01-01
blackgram,Flowering,June,2025-01-01
blackgram,Seedling,September,2025-01-01
blackgram,Vegetative,March,2025-01-01
blackgram,Vegetative,March,2025-01-01
blackgram,Flowering,June,2025-01-01
blackgram,Seedling,September,2025-01-01
blackgram,Seedling,September,2025-01-01
blackgram,Seedling,September,2025-01-01
blackgram,Vegetative,March,2025-01-01
blackgram,Vegetative,March,2025-01-01
blackgram,Vegetative,March,2025-01-01
blackgram,Vegetative,March,2025-01-01
blackgram,Seedling,September,2025-01-01
blackgram,Flowering,June,2025-01-01
blackgram,Vegetative,March,2025-01-01
blackgram,Vegetative,March,2025-01-01
blackgram,Flowering,June,2025-01-01
blackgram,Flowering,June,2025-01-01
blackgram,Vegetative,March,2025-01-01
blackgram,Flowering,June,2025-01-01
blackgram,Seedling,September,2025-02-01
blackgram,Flowering,June,2025-02-01
blackgram,Seedling,September,2025-02-01
blackgram,Flowering,June,2025-02-01
blackgram,Flowering,June,2025-02-01
blackgram,Flowering,June,2025-02-01
blackgram,Seedling,September,2025-02-01
blackgram,Vegetative,March,2025-02-01
blackgram,Flowering,June,2025-02-01
blackgram,Flowering,June,2025-02-01
blackgram,Flowering,June,2025-02-01
blackgram,Seedling,September,2025-02-01
blackgram,Flowering,June,2025-02-01
blackgram,Vegetative,March,2025-02-01
blackgram,Vegetative,March,2025-02-01
blackgram,Vegetative,March,2025-02-01
blackgram,Vegetative,March,2025-02-01
blackgram,Flowering,June,2025-02-01
blackgram,Seedling,September,2025-02-01
blackgram,Seedling,September,2025-02-01
blackgram,Seedling,September,2025-02-01
blackgram,Flowering,June,2025-02-01
blackgram,Vegetative,March,2025-02-01
blackgram,Vegetative,March,2025-02-01
blackgram,Flowering,June,2025-02-01
blackgram,Seedling,September,2025-02-01
blackgram,Seedling,September,2025-02-01
blackgram,Seedling,September,2025-02-01
blackgram,Flowering,June,2025-03-01
blackgram,Flowering,June,2025-03-01
blackgram,Flowering,June,2025-03-01
blackgram,Vegetative,March,2025-03-01
blackgram,Flowering,June,2025-03-01
blackgram,Seedling,September,2025-03-01
blackgram,Flowering,June,2025-03-01
blackgram,Seedling,September,2025-03-01
blackgram,Seedling,September,2025-03-01
blackgram,Flowering,June,2025-03-01
blackgram,Vegetative,March,2025-03-01
blackgram,Seedling,September,2025-03-01
blackgram,Seedling,September,2025-03-01
blackgram,Flowering,June,2025-03-01
blackgram,Vegetative,March,2025-03-01
blackgram,Seedling,September,2025-03-01
blackgram,Seedling,September,2025-03-01
blackgram,Seedling,September,2025-03-01
blackgram,Flowering,June,2025-03-01
blackgram,Flowering,June,2025-03-01
blackgram,Vegetative,March,2025-03-01
blackgram,Seedling,September,2025-03-01
blackgram,Vegetative,March,2025-03-01
blackgram,Vegetative,March,2025-03-01
blackgram,Flowering,June,2025-03-01
blackgram,Vegetative,March,2025-03-01
blackgram,Seedling,September,2025-03-01
blackgram,Vegetative,March,2025-03-01
blackgram,Flowering,June,2025-03-01
blackgram,Vegetative,March,2025-03-01
blackgram,Vegetative,March,2025-03-01
blackgram,Vegetative,March,2025-04-01
blackgram,Flowering,June,2025-04-01
blackgram,Flowering,June,2025-04-01
blackgram,Flowering,June,2025-04-01
blackgram,Flowering,June,2025-04-01
blackgram,Flowering,June,2025-04-01
blackgram,Flowering,June,2025-04-01
blackgram,Vegetative,March,2025-04-01
blackgram,Seedling,September,2025-04-01
blackgram,Seedling,September,2025-04-01
lentil,Flowering,June,2025-01-01
lentil,Seedling,September,2025-01-01
lentil,Flowering,June,2025-01-01
lentil,Flowering,June,2025-01-01
lentil,Seedling,September,2025-01-01
lentil,Vegetative,March,2025-01-01
lentil,Flowering,June,2025-01-01
lentil,Vegetative,March,2025-01-01
lentil,Seedling,September,2025-01-01
lentil,Seedling,September,2025-01-01
lentil,Flowering,June,2025-01-01
lentil,Vegetative,March,2025-01-01
lentil,Vegetative,March,2025-01-01
lentil,Vegetative,March,2025-01-01
lentil,Vegetative,March,2025-01-01
lentil,Vegetative,March,2025-01-01
lentil,Flowering,June,2025-01-01
lentil,Seedling,September,2025-01-01
lentil,Flowering,June,2025-01-01
lentil,Seedling,September,2025-01-01
lentil,Flowering,June,2025-01-01
lentil,Seedling,September,2025-01-01
lentil,Seedling,September,2025-01-01
lentil,Seedling,September,2025-01-01
lentil,Flowering,June,2025-01-01
lentil,Seedling,September,2025-01-01
lentil,Flowering,June,2025-01-01
lentil,Vegetative,March,2025-01-01
lentil,Seedling,September,2025-01-01
lentil,Flowering,June,2025-01-01
lentil,Vegetative,March,2025-01-01
lentil,Vegetative,March,2025-02-01
lentil,Flowering,June,2025-02-01
lentil,Vegetative,March,2025-02-01
lentil,Flowering,June,2025-02-01
lentil,Flowering,June,2025-02-01
lentil,Vegetative,March,2025-02-01
lentil,Seedling,September,2025-02-01
lentil,Seedling,September,2025-02-01
lentil,Vegetative,March,2025-02-01
lentil,Seedling,September,2025-02-01
lentil,Vegetative,March,2025-02-01
lentil,Vegetative,March,2025-02-01
lentil,Vegetative,March,2025-02-01
lentil,Seedling,September,2025-02-01
lentil,Vegetative,March,2025-02-01
lentil,Vegetative,March,2025-02-01
lentil,Seedling,September,2025-02-01
lentil,Vegetative,March,2025-02-01
lentil,Flowering,June,2025-02-01
lentil,Seedling,September,2025-02-01
lentil,Vegetative,March,2025-02-01
lentil,Vegetative,March,2025-02-01
lentil,Seedling,September,2025-02-01
lentil,Seedling,September,2025-02-01
lentil,Vegetative,March,2025-02-01
lentil,Seedling,September,2025-02-01
lentil,Flowering,June,2025-02-01
lentil,Vegetative,March,2025-02-01
lentil,Seedling,September,2025-03-01
lentil,Flowering,June,2025-03-01
lentil,Vegetative,March,2025-03-01
lentil,Flowering,June,2025-03-01
lentil,Flowering,June,2025-03-01
lentil,Flowering,June,2025-03-01
lentil,Seedling,September,2025-03-01
lentil,Vegetative,March,2025-03-01
lentil,Seedling,September,2025-03-01
lentil,Seedling,September,2025-03-01
lentil,Flowering,June,2025-03-01
lentil,Vegetative,March,2025-03-01
lentil,Seedling,September,2025-03-01
lentil,Seedling,September,2025-03-01
lentil,Flowering,June,2025-03-01
lentil,Flowering,June,2025-03-01
lentil,Flowering,June,2025-03-01
lentil,Seedling,September,2025-03-01
lentil,Flowering,June,2025-03-01
lentil,Seedling,September,2025-03-01
lentil,Vegetative,March,2025-03-01
lentil,Seedling,September,2025-03-01
lentil,Seedling,September,2025-03-01
lentil,Seedling,September,2025-03-01
lentil,Vegetative,March,2025-03-01
lentil,Flowering,June,2025-03-01
lentil,Seedling,September,2025-03-01
lentil,Seedling,September,2025-03-01
lentil,Vegetative,March,2025-03-01
lentil,Vegetative,March,2025-03-01
lentil,Vegetative,March,2025-03-01
lentil,Vegetative,March,2025-04-01
lentil,Flowering,June,2025-04-01
lentil,Vegetative,March,2025-04-01
lentil,Seedling,September,2025-04-01
lentil,Flowering,June,2025-04-01
lentil,Seedling,September,2025-04-01
lentil,Seedling,September,2025-04-01
lentil,Flowering,June,2025-04-01
lentil,Seedling,September,2025-04-01
lentil,Flowering,June,2025-04-01
pomegranate,Flowering,June,2025-01-01
pomegranate,Flowering,June,2025-01-01
pomegranate,Vegetative,March,2025-01-01
pomegranate,Seedling,September,2025-01-01
pomegranate,Vegetative,March,2025-01-01
pomegranate,Seedling,September,2025-01-01
pomegranate,Flowering,June,2025-01-01
pomegranate,Flowering,June,2025-01-01
pomegranate,Flowering,June,2025-01-01
pomegranate,Flowering,June,2025-01-01
pomegranate,Vegetative,March,2025-01-01
pomegranate,Flowering,June,2025-01-01
pomegranate,Vegetative,March,2025-01-01
pomegranate,Flowering,June,2025-01-01
pomegranate,Vegetative,March,2025-01-01
pomegranate,Flowering,June,2025-01-01
pomegranate,Flowering,June,2025-01-01
pomegranate,Flowering,June,2025-01-01
pomegranate,Vegetative,March,2025-01-01
pomegranate,Seedling,September,2025-01-01
pomegranate,Flowering,June,2025-01-01
pomegranate,Seedling,September,2025-01-01
pomegranate,Vegetative,March,2025-01-01
pomegranate,Vegetative,March,2025-01-01
pomegranate,Vegetative,March,2025-01-01
pomegranate,Seedling,September,2025-01-01
pomegranate,Seedling,September,2025-01-01
pomegranate,Vegetative,March,2025-01-01
pomegranate,Seedling,September,2025-01-01
pomegranate,Vegetative,March,2025-01-01
pomegranate,Vegetative,March,2025-01-01
pomegranate,Vegetative,March,2025-02-01
pomegranate,Seedling,September,2025-02-01
pomegranate,Flowering,June,2025-02-01
pomegranate,Vegetative,March,2025-02-01
pomegranate,Flowering,June,2025-02-01
pomegranate,Seedling,September,2025-02-01
pomegranate,Vegetative,March,2025-02-01
pomegranate,Vegetative,March,2025-02-01
pomegranate,Vegetative,March,2025-02-01
pomegranate,Seedling,September,2025-02-01
pomegranate,Seedling,September,2025-02-01
pomegranate,Seedling,September,2025-02-01
pomegranate,Flowering,June,2025-02-01
pomegranate,Vegetative,March,2025-02-01
pomegranate,Seedling,September,2025-02-01
pomegranate,Vegetative,March,2025-02-01
pomegranate,Vegetative,March,2025-02-01
pomegranate,Seedling,September,2025-02-01
pomegranate,Seedling,September,2025-02-01
pomegranate,Flowering,June,2025-02-01
pomegranate,Flowering,June,2025-02-01
pomegranate,Vegetative,March,2025-02-01
pomegranate,Flowering,June,2025-02-01
pomegranate,Vegetative,March,2025-02-01
pomegranate,Seedling,September,2025-02-01
pomegranate,Seedling,September,2025-02-01
pomegranate,Flowering,June,2025-02-01
pomegranate,Vegetative,March,2025-02-01
pomegranate,Seedling,September,2025-03-01
pomegranate,Seedling,September,2025-03-01
pomegranate,Flowering,June,2025-03-01
pomegranate,Vegetative,March,2025-03-01
pomegranate,Seedling,September,2025-03-01
pomegranate,Vegetative,March,2025-03-01
pomegranate,Flowering,June,2025-03-01
pomegranate,Vegetative,March,2025-03-01
pomegranate,Seedling,September,2025-03-01
pomegranate,Seedling,September,2025-03-01
pomegranate,Seedling,September,2025-03-01
pomegranate,Seedling,September,2025-03-01
pomegranate,Vegetative,March,2025-03-01
pomegranate,Vegetative,March,2025-03-01
pomegranate,Seedling,September,2025-03-01
pomegranate,Seedling,September,2025-03-01
pomegranate,Seedling,September,2025-03-01
pomegranate,Seedling,September,2025-03-01
pomegranate,Flowering,June,2025-03-01
pomegranate,Seedling,September,2025-03-01
pomegranate,Flowering,June,2025-03-01
pomegranate,Seedling,September,2025-03-01
pomegranate,Seedling,September,2025-03-01
pomegranate,Flowering,June,2025-03-01
pomegranate,Seedling,September,2025-03-01
pomegranate,Seedling,September,2025-03-01
pomegranate,Seedling,September,2025-03-01
pomegranate,Flowering,June,2025-03-01
pomegranate,Flowering,June,2025-03-01
pomegranate,Seedling,September,2025-03-01
pomegranate,Vegetative,March,2025-03-01
pomegranate,Vegetative,March,2025-04-01
pomegranate,Vegetative,March,2025-04-01
pomegranate,Flowering,June,2025-04-01
pomegranate,Seedling,September,2025-04-01
pomegranate,Seedling,September,2025-04-01
pomegranate,Vegetative,March,2025-04-01
pomegranate,Vegetative,March,2025-04-01
pomegranate,Vegetative,March,2025-04-01
pomegranate,Seedling,September,2025-04-01
pomegranate,Vegetative,March,2025-04-01
banana,Vegetative,March,2025-01-01
banana,Seedling,September,2025-01-01
banana,Vegetative,March,2025-01-01
banana,Flowering,June,2025-01-01
banana,Seedling,September,2025-01-01
banana,Flowering,June,2025-01-01
banana,Seedling,September,2025-01-01
banana,Flowering,June,2025-01-01
banana,Flowering,June,2025-01-01
banana,Vegetative,March,2025-01-01
banana,Seedling,September,2025-01-01
banana,Seedling,September,2025-01-01
banana,Flowering,June,2025-01-01
banana,Vegetative,March,2025-01-01
banana,Flowering,June,2025-01-01
banana,Seedling,September,2025-01-01
banana,Vegetative,March,2025-01-01
banana,Vegetative,March,2025-01-01
banana,Seedling,September,2025-01-01
banana,Flowering,June,2025-01-01
banana,Flowering,June,2025-01-01
banana,Vegetative,March,2025-01-01
banana,Seedling,September,2025-01-01
banana,Seedling,September,2025-01-01
banana,Seedling,September,2025-01-01
banana,Seedling,September,2025-01-01
banana,Flowering,June,2025-01-01
banana,Seedling,September,2025-01-01
banana,Seedling,September,2025-01-01
banana,Flowering,June,2025-01-01
banana,Seedling,September,2025-01-01
banana,Vegetative,March,2025-02-01
banana,Seedling,September,2025-02-01
banana,Vegetative,March,2025-02-01
banana,Vegetative,March,2025-02-01
banana,Vegetative,March,2025-02-01
banana,Vegetative,March,2025-02-01
banana,Vegetative,March,2025-02-01
banana,Seedling,September,2025-02-01
banana,Seedling,September,2025-02-01
banana,Vegetative,March,2025-02-01
banana,Vegetative,March,2025-02-01
banana,Seedling,September,2025-02-01
banana,Seedling,September,2025-02-01
banana,Vegetative,March,2025-02-01
banana,Vegetative,March,2025-02-01
banana,Seedling,September,2025-02-01
banana,Seedling,September,2025-02-01
banana,Vegetative,March,2025-02-01
banana,Vegetative,March,2025-02-01
banana,Seedling,September,2025-02-01
banana,Flowering,June,2025-02-01
banana,Vegetative,March,2025-02-01
banana,Seedling,September,2025-02-01
banana,Seedling,September,2025-02-01
banana,Vegetative,March,2025-02-01
banana,Flowering,June,2025-02-01
banana,Flowering,June,2025-02-01
banana,Vegetative,March,2025-02-01
banana,Vegetative,March,2025-03-01
banana,Vegetative,March,2025-03-01
banana,Seedling,September,2025-03-01
banana,Seedling,September,2025-03-01
banana,Vegetative,March,2025-03-01
banana,Seedling,September,2025-03-01
banana,Vegetative,March,2025-03-01
banana,Flowering,June,2025-03-01
banana,Vegetative,March,2025-03-01
banana,Vegetative,March,2025-03-01
banana,Vegetative,March,2025-03-01
banana,Flowering,June,2025-03-01
banana,Flowering,June,2025-03-01
banana,Flowering,June,2025-03-01
banana,Vegetative,March,2025-03-01
banana,Vegetative,March,2025-03-01
banana,Vegetative,March,2025-03-01
banana,Flowering,June,2025-03-01
banana,Flowering,June,2025-03-01
banana,Seedling,September,2025-03-01
banana,Vegetative,March,2025-03-01
banana,Flowering,June,2025-03-01
banana,Vegetative,March,2025-03-01
banana,Flowering,June,2025-03-01
banana,Vegetative,March,2025-03-01
banana,Flowering,June,2025-03-01
banana,Vegetative,March,2025-03-01
banana,Seedling,September,2025-03-01
banana,Flowering,June,2025-03-01
banana,Vegetative,March,2025-03-01
banana,Seedling,September,2025-03-01
banana,Vegetative,March,2025-04-01
banana,Flowering,June,2025-04-01
banana,Vegetative,March,2025-04-01
banana,Flowering,June,2025-04-01
banana,Vegetative,March,2025-04-01
banana,Vegetative,March,2025-04-01
banana,Seedling,September,2025-04-01
banana,Vegetative,March,2025-04-01
banana,Vegetative,March,2025-04-01
banana,Vegetative,March,2025-04-01
mango,Seedling,September,2025-01-01
mango,Seedling,September,2025-01-01
mango,Flowering,June,2025-01-01
mango,Seedling,September,2025-01-01
mango,Seedling,September,2025-01-01
mango,Vegetative,March,2025-01-01
mango,Flowering,June,2025-01-01
mango,Flowering,June,2025-01-01
mango,Flowering,June,2025-01-01
mango,Flowering,June,2025-01-01
mango,Vegetative,March,2025-01-01
mango,Vegetative,March,2025-01-01
mango,Seedling,September,2025-01-01
mango,Seedling,September,2025-01-01
mango,Vegetative,March,2025-01-01
mango,Seedling,September,2025-01-01
mango,Flowering,June,2025-01-01
mango,Seedling,September,2025-01-01
mango,Vegetative,March,2025-01-01
mango,Seedling,September,2025-01-01
mango,Flowering,June,2025-01-01
mango,Seedling,September,2025-01-01
mango,Vegetative,March,2025-01-01
mango,Seedling,September,2025-01-01
mango,Seedling,September,2025-01-01
mango,Seedling,September,2025-01-01
mango,Vegetative,March,2025-01-01
mango,Vegetative,March,2025-01-01
mango,Flowering,June,2025-01-01
mango,Flowering,June,2025-01-01
mango,Seedling,September,2025-01-01
mango,Vegetative,March,2025-02-01
mango,Flowering,June,2025-02-01
mango,Flowering,June,2025-02-01
mango,Seedling,September,2025-02-01
mango,Vegetative,March,2025-02-01
mango,Vegetative,March,2025-02-01
mango,Vegetative,March,2025-02-01
mango,Flowering,June,2025-02-01
mango,Flowering,June,2025-02-01
mango,Vegetative,March,2025-02-01
mango,Seedling,September,2025-02-01
mango,Vegetative,March,2025-02-01
mango,Vegetative,March,2025-02-01
mango,Flowering,June,2025-02-01
mango,Vegetative,March,2025-02-01
mango,Vegetative,March,2025-02-01
mango,Vegetative,March,2025-02-01
mango,Vegetative,March,2025-02-01
mango,Flowering,June,2025-02-01
mango,Seedling,September,2025-02-01
mango,Seedling,September,2025-02-01
mango,Flowering,June,2025-02-01
mango,Seedling,September,2025-02-01
mango,Seedling,September,2025-02-01
mango,Vegetative,March,2025-02-01
mango,Vegetative,March,2025-02-01
mango,Vegetative,March,2025-02-01
mango,Flowering,June,2025-02-01
mango,Seedling,September,2025-03-01
mango,Flowering,June,2025-03-01
mango,Seedling,September,2025-03-01
mango,Vegetative,March,2025-03-01
mango,Flowering,June,2025-03-01
mango,Seedling,September,2025-03-01
mango,Vegetative,March,2025-03-01
mango,Flowering,June,2025-03-01
mango,Vegetative,March,2025-03-01
mango,Vegetative,March,2025-03-01
mango,Seedling,September,2025-03-01
mango,Flowering,June,2025-03-01
mango,Seedling,September,2025-03-01
mango,Flowering,June,2025-03-01
mango,Flowering,June,2025-03-01
mango,Flowering,June,2025-03-01
mango,Flowering,June,2025-03-01
mango,Seedling,September,2025-03-01
mango,Seedling,September,2025-03-01
mango,Vegetative,March,2025-03-01
mango,Vegetative,March,2025-03-01
mango,Flowering,June,2025-03-01
mango,Seedling,September,2025-03-01
mango,Vegetative,March,2025-03-01
mango,Flowering,June,2025-03-01
mango,Vegetative,March,2025-03-01
mango,Seedling,September,2025-03-01
mango,Flowering,June,2025-03-01
mango,Flowering,June,2025-03-01
mango,Seedling,September,2025-03-01
mango,Seedling,September,2025-03-01
mango,Flowering,June,2025-04-01
mango,Flowering,June,2025-04-01
mango,Flowering,June,2025-04-01
mango,Seedling,September,2025-04-01
mango,Vegetative,March,2025-04-01
mango,Vegetative,March,2025-04-01
mango,Vegetative,March,2025-04-01
mango,Flowering,June,2025-04-01
mango,Vegetative,March,2025-04-01
mango,Seedling,September,2025-04-01
grapes,Vegetative,March,2025-01-01
grapes,Seedling,September,2025-01-01
grapes,Vegetative,March,2025-01-01
grapes,Vegetative,March,2025-01-01
grapes,Flowering,June,2025-01-01
grapes,Seedling,September,2025-01-01
grapes,Vegetative,March,2025-01-01
grapes,Vegetative,March,2025-01-01
grapes,Vegetative,March,2025-01-01
grapes,Vegetative,March,2025-01-01
grapes,Flowering,June,2025-01-01
grapes,Flowering,June,2025-01-01
grapes,Flowering,June,2025-01-01
grapes,Flowering,June,2025-01-01
grapes,Vegetative,March,2025-01-01
grapes,Vegetative,March,2025-01-01
grapes,Vegetative,March,2025-01-01
grapes,Flowering,June,2025-01-01
grapes,Flowering,June,2025-01-01
grapes,Vegetative,March,2025-01-01
grapes,Vegetative,March,2025-01-01
grapes,Flowering,June,2025-01-01
grapes,Flowering,June,2025-01-01
grapes,Seedling,September,2025-01-01
grapes,Seedling,September,2025-01-01
grapes,Seedling,September,2025-01-01
grapes,Vegetative,March,2025-01-01
grapes,Vegetative,March,2025-01-01
grapes,Seedling,September,2025-01-01
grapes,Seedling,September,2025-01-01
grapes,Flowering,June,2025-01-01
grapes,Vegetative,March,2025-02-01
grapes,Seedling,September,2025-02-01
grapes,Flowering,June,2025-02-01
grapes,Vegetative,March,2025-02-01
grapes,Vegetative,March,2025-02-01
grapes,Flowering,June,2025-02-01
grapes,Seedling,September,2025-02-01
grapes,Flowering,June,2025-02-01
grapes,Flowering,June,2025-02-01
grapes,Flowering,June,2025-02-01
grapes,Vegetative,March,2025-02-01
grapes,Vegetative,March,2025-02-01
grapes,Seedling,September,2025-02-01
grapes,Flowering,June,2025-02-01
grapes,Vegetative,March,2025-02-01
grapes,Seedling,September,2025-02-01
grapes,Vegetative,March,2025-02-01
grapes,Seedling,September,2025-02-01
grapes,Seedling,September,2025-02-01
grapes,Seedling,September,2025-02-01
grapes,Vegetative,March,2025-02-01
grapes,Seedling,September,2025-02-01
grapes,Vegetative,March,2025-02-01
grapes,Seedling,September,2025-02-01
grapes,Vegetative,March,2025-02-01
grapes,Flowering,June,2025-02-01
grapes,Flowering,June,2025-02-01
grapes,Flowering,June,2025-02-01
grapes,Flowering,June,2025-03-01
grapes,Flowering,June,2025-03-01
grapes,Vegetative,March,2025-03-01
grapes,Seedling,September,2025-03-01
grapes,Flowering,June,2025-03-01
grapes,Seedling,September,2025-03-01
grapes,Vegetative,March,2025-03-01
grapes,Vegetative,March,2025-03-01
grapes,Vegetative,March,2025-03-01
grapes,Flowering,June,2025-03-01
grapes,Flowering,June,2025-03-01
grapes,Seedling,September,2025-03-01
grapes,Flowering,June,2025-03-01
grapes,Seedling,September,2025-03-01
grapes,Seedling,September,2025-03-01
grapes,Vegetative,March,2025-03-01
grapes,Flowering,June,2025-03-01
grapes,Vegetative,March,2025-03-01
grapes,Flowering,June,2025-03-01
grapes,Vegetative,March,2025-03-01
grapes,Seedling,September,2025-03-01
grapes,Flowering,June,2025-03-01
grapes,Seedling,September,2025-03-01
grapes,Flowering,June,2025-03-01
grapes,Seedling,September,2025-03-01
grapes,Flowering,June,2025-03-01
grapes,Flowering,June,2025-03-01
grapes,Flowering,June,2025-03-01
grapes,Flowering,June,2025-03-01
grapes,Flowering,June,2025-03-01
grapes,Seedling,September,2025-03-01
grapes,Vegetative,March,2025-04-01
grapes,Seedling,September,2025-04-01
grapes,Seedling,September,2025-04-01
grapes,Flowering,June,2025-04-01
grapes,Vegetative,March,2025-04-01
grapes,Flowering,June,2025-04-01
grapes,Flowering,June,2025-04-01
grapes,Vegetative,March,2025-04-01
grapes,Flowering,June,2025-04-01
grapes,Seedling,September,2025-04-01
watermelon,Vegetative,March,2025-01-01
watermelon,Flowering,June,2025-01-01
watermelon,Flowering,June,2025-01-01
watermelon,Seedling,September,2025-01-01
watermelon,Seedling,September,2025-01-01
watermelon,Flowering,June,2025-01-01
watermelon,Seedling,September,2025-01-01
watermelon,Seedling,September,2025-01-01
watermelon,Seedling,September,2025-01-01
watermelon,Vegetative,March,2025-01-01
watermelon,Vegetative,March,2025-01-01
watermelon,Vegetative,March,2025-01-01
watermelon,Flowering,June,2025-01-01
watermelon,Vegetative,March,2025-01-01
watermelon,Flowering,June,2025-01-01
watermelon,Seedling,September,2025-01-01
watermelon,Vegetative,March,2025-01-01
watermelon,Vegetative,March,2025-01-01
watermelon,Vegetative,March,2025-01-01
watermelon,Seedling,September,2025-01-01
watermelon,Seedling,September,2025-01-01
watermelon,Seedling,September,2025-01-01
watermelon,Seedling,September,2025-01-01
watermelon,Flowering,June,2025-01-01
watermelon,Flowering,June,2025-01-01
watermelon,Seedling,September,2025-01-01
watermelon,Seedling,September,2025-01-01
watermelon,Seedling,September,2025-01-01
watermelon,Flowering,June,2025-01-01
watermelon,Flowering,June,2025-01-01
watermelon,Vegetative,March,2025-01-01
watermelon,Seedling,September,2025-02-01
watermelon,Vegetative,March,2025-02-01
watermelon,Flowering,June,2025-02-01
watermelon,Flowering,June,2025-02-01
watermelon,Vegetative,March,2025-02-01
watermelon,Flowering,June,2025-02-01
watermelon,Flowering,June,2025-02-01
watermelon,Vegetative,March,2025-02-01
watermelon,Seedling,September,2025-02-01
watermelon,Seedling,September,2025-02-01
watermelon,Seedling,September,2025-02-01
watermelon,Vegetative,March,2025-02-01
watermelon,Vegetative,March,2025-02-01
watermelon,Flowering,June,2025-02-01
watermelon,Seedling,September,2025-02-01
watermelon,Seedling,September,2025-02-01
watermelon,Vegetative,March,2025-02-01
watermelon,Flowering,June,2025-02-01
watermelon,Seedling,September,2025-02-01
watermelon,Vegetative,March,2025-02-01
watermelon,Vegetative,March,2025-02-01
watermelon,Vegetative,March,2025-02-01
watermelon,Flowering,June,2025-02-01
watermelon,Flowering,June,2025-02-01
watermelon,Flowering,June,2025-02-01
watermelon,Flowering,June,2025-02-01
watermelon,Flowering,June,2025-02-01
watermelon,Seedling,September,2025-02-01
watermelon,Flowering,June,2025-03-01
watermelon,Flowering,June,2025-03-01
watermelon,Flowering,June,2025-03-01
watermelon,Flowering,June,2025-03-01
watermelon,Seedling,September,2025-03-01
watermelon,Flowering,June,2025-03-01
watermelon,Seedling,September,2025-03-01
watermelon,Flowering,June,2025-03-01
watermelon,Flowering,June,2025-03-01
watermelon,Vegetative,March,2025-03-01
watermelon,Flowering,June,2025-03-01
watermelon,Flowering,June,2025-03-01
watermelon,Flowering,June,2025-03-01
watermelon,Vegetative,March,2025-03-01
watermelon,Flowering,June,2025-03-01
watermelon,Vegetative,March,2025-03-01
watermelon,Flowering,June,2025-03-01
watermelon,Vegetative,March,2025-03-01
watermelon,Flowering,June,2025-03-01
watermelon,Vegetative,March,2025-03-01
watermelon,Flowering,June,2025-03-01
watermelon,Vegetative,March,2025-03-01
watermelon,Seedling,September,2025-03-01
watermelon,Vegetative,March,2025-03-01
watermelon,Flowering,June,2025-03-01
watermelon,Vegetative,March,2025-03-01
watermelon,Flowering,June,2025-03-01
watermelon,Flowering,June,2025-03-01
watermelon,Flowering,June,2025-03-01
watermelon,Flowering,June,2025-03-01
watermelon,Seedling,September,2025-03-01
watermelon,Seedling,September,2025-04-01
watermelon,Flowering,June,2025-04-01
watermelon,Flowering,June,2025-04-01
watermelon,Seedling,September,2025-04-01
watermelon,Flowering,June,2025-04-01
watermelon,Flowering,June,2025-04-01
watermelon,Vegetative,March,2025-04-01
watermelon,Flowering,June,2025-04-01
watermelon,Vegetative,March,2025-04-01
watermelon,Flowering,June,2025-04-01
muskmelon,Flowering,June,2025-01-01
muskmelon,Vegetative,March,2025-01-01
muskmelon,Vegetative,March,2025-01-01
muskmelon,Vegetative,March,2025-01-01
muskmelon,Seedling,September,2025-01-01
muskmelon,Seedling,September,2025-01-01
muskmelon,Flowering,June,2025-01-01
muskmelon,Vegetative,March,2025-01-01
muskmelon,Flowering,June,2025-01-01
muskmelon,Flowering,June,2025-01-01
muskmelon,Vegetative,March,2025-01-01
muskmelon,Seedling,September,2025-01-01
muskmelon,Vegetative,March,2025-01-01
muskmelon,Vegetative,March,2025-01-01
muskmelon,Flowering,June,2025-01-01
muskmelon,Flowering,June,2025-01-01
muskmelon,Flowering,June,2025-01-01
muskmelon,Flowering,June,2025-01-01
muskmelon,Seedling,September,2025-01-01
muskmelon,Seedling,September,2025-01-01
muskmelon,Seedling,September,2025-01-01
muskmelon,Seedling,September,2025-01-01
muskmelon,Seedling,September,2025-01-01
muskmelon,Vegetative,March,2025-01-01
muskmelon,Flowering,June,2025-01-01
muskmelon,Vegetative,March,2025-01-01
muskmelon,Seedling,September,2025-01-01
muskmelon,Vegetative,March,2025-01-01
muskmelon,Flowering,June,2025-01-01
muskmelon,Seedling,September,2025-01-01
muskmelon,Vegetative,March,2025-01-01
muskmelon,Vegetative,March,2025-02-01
muskmelon,Seedling,September,2025-02-01
muskmelon,Flowering,June,2025-02-01
muskmelon,Vegetative,March,2025-02-01
muskmelon,Flowering,June,2025-02-01
muskmelon,Vegetative,March,2025-02-01
muskmelon,Vegetative,March,2025-02-01
muskmelon,Vegetative,March,2025-02-01
muskmelon,Seedling,September,2025-02-01
muskmelon,Flowering,June,2025-02-01
muskmelon,Flowering,June,2025-02-01
muskmelon,Flowering,June,2025-02-01
muskmelon,Flowering,June,2025-02-01
muskmelon,Flowering,June,2025-02-01
muskmelon,Vegetative,March,2025-02-01
muskmelon,Vegetative,March,2025-02-01
muskmelon,Vegetative,March,2025-02-01
muskmelon,Seedling,September,2025-02-01
muskmelon,Seedling,September,2025-02-01
muskmelon,Vegetative,March,2025-02-01
muskmelon,Flowering,June,2025-02-01
muskmelon,Vegetative,March,2025-02-01
muskmelon,Flowering,June,2025-02-01
muskmelon,Flowering,June,2025-02-01
muskmelon,Vegetative,March,2025-02-01
muskmelon,Flowering,June,2025-02-01
muskmelon,Vegetative,March,2025-02-01
muskmelon,Vegetative,March,2025-02-01
muskmelon,Flowering,June,2025-03-01
muskmelon,Flowering,June,2025-03-01
muskmelon,Seedling,September,2025-03-01
muskmelon,Seedling,September,2025-03-01
muskmelon,Flowering,June,2025-03-01
muskmelon,Flowering,June,2025-03-01
muskmelon,Flowering,June,2025-03-01
muskmelon,Seedling,September,2025-03-01
muskmelon,Vegetative,March,2025-03-01
muskmelon,Vegetative,March,2025-03-01
muskmelon,Flowering,June,2025-03-01
muskmelon,Seedling,September,2025-03-01
muskmelon,Seedling,September,2025-03-01
muskmelon,Vegetative,March,2025-03-01
muskmelon,Vegetative,March,2025-03-01
muskmelon,Vegetative,March,2025-03-01
muskmelon,Vegetative,March,2025-03-01
muskmelon,Seedling,September,2025-03-01
muskmelon,Vegetative,March,2025-03-01
muskmelon,Seedling,September,2025-03-01
muskmelon,Seedling,September,2025-03-01
muskmelon,Flowering,June,2025-03-01
muskmelon,Flowering,June,2025-03-01
muskmelon,Vegetative,March,2025-03-01
muskmelon,Seedling,September,2025-03-01
muskmelon,Vegetative,March,2025-03-01
muskmelon,Flowering,June,2025-03-01
muskmelon,Seedling,September,2025-03-01
muskmelon,Flowering,June,2025-03-01
muskmelon,Seedling,September,2025-03-01
muskmelon,Vegetative,March,2025-03-01
muskmelon,Vegetative,March,2025-04-01
muskmelon,Vegetative,March,2025-04-01
muskmelon,Seedling,September,2025-04-01
muskmelon,Flowering,June,2025-04-01
muskmelon,Seedling,September,2025-04-01
muskmelon,Vegetative,March,2025-04-01
muskmelon,Seedling,September,2025-04-01
muskmelon,Seedling,September,2025-04-01
muskmelon,Seedling,September,2025-04-01
muskmelon,Flowering,June,2025-04-01
apple,Seedling,September,2025-01-01
apple,Flowering,June,2025-01-01
apple,Vegetative,March,2025-01-01
apple,Seedling,September,2025-01-01
apple,Seedling,September,2025-01-01
apple,Seedling,September,2025-01-01
apple,Seedling,September,2025-01-01
apple,Vegetative,March,2025-01-01
apple,Seedling,September,2025-01-01
apple,Vegetative,March,2025-01-01
apple,Seedling,September,2025-01-01
apple,Seedling,September,2025-01-01
apple,Seedling,September,2025-01-01
apple,Seedling,September,2025-01-01
apple,Seedling,September,2025-01-01
apple,Flowering,June,2025-01-01
apple,Seedling,September,2025-01-01
apple,Flowering,June,2025-01-01
apple,Flowering,June,2025-01-01
apple,Flowering,June,2025-01-01
apple,Vegetative,March,2025-01-01
apple,Flowering,June,2025-01-01
apple,Flowering,June,2025-01-01
apple,Vegetative,March,2025-01-01
apple,Vegetative,March,2025-01-01
apple,Flowering,June,2025-01-01
apple,Flowering,June,2025-01-01
apple,Seedling,September,2025-01-01
apple,Vegetative,March,2025-01-01
apple,Flowering,June,2025-01-01
apple,Seedling,September,2025-01-01
apple,Vegetative,March,2025-02-01
apple,Flowering,June,2025-02-01
apple,Seedling,September,2025-02-01
apple,Flowering,June,2025-02-01
apple,Seedling,September,2025-02-01
apple,Vegetative,March,2025-02-01
apple,Vegetative,March,2025-02-01
apple,Seedling,September,2025-02-01
apple,Seedling,September,2025-02-01
apple,Flowering,June,2025-02-01
apple,Seedling,September,2025-02-01
apple,Seedling,September,2025-02-01
apple,Seedling,September,2025-02-01
apple,Seedling,September,2025-02-01
apple,Seedling,September,2025-02-01
apple,Flowering,June,2025-02-01
apple,Flowering,June,2025-02-01
apple,Vegetative,March,2025-02-01
apple,Flowering,June,2025-02-01
apple,Vegetative,March,2025-02-01
apple,Flowering,June,2025-02-01
apple,Flowering,June,2025-02-01
apple,Flowering,June,2025-02-01
apple,Vegetative,March,2025-02-01
apple,Seedling,September,2025-02-01
apple,Vegetative,March,2025-02-01
apple,Seedling,September,2025-02-01
apple,Vegetative,March,2025-02-01
apple,Seedling,September,2025-03-01
apple,Flowering,June,2025-03-01
apple,Vegetative,March,2025-03-01
apple,Vegetative,March,2025-03-01
apple,Seedling,September,2025-03-01
apple,Vegetative,March,2025-03-01
apple,Seedling,September,2025-03-01
apple,Seedling,September,2025-03-01
apple,Flowering,June,2025-03-01
apple,Flowering,June,2025-03-01
apple,Flowering,June,2025-03-01
apple,Seedling,September,2025-03-01
apple,Seedling,September,2025-03-01
apple,Seedling,September,2025-03-01
apple,Seedling,September,2025-03-01
apple,Seedling,September,2025-03-01
apple,Seedling,September,2025-03-01
apple,Vegetative,March,2025-03-01
apple,Flowering,June,2025-03-01
apple,Vegetative,March,2025-03-01
apple,Flowering,June,2025-03-01
apple,Seedling,September,2025-03-01
apple,Seedling,September,2025-03-01
apple,Seedling,September,2025-03-01
apple,Flowering,June,2025-03-01
apple,Seedling,September,2025-03-01
apple,Seedling,September,2025-03-01
apple,Vegetative,March,2025-03-01
apple,Seedling,September,2025-03-01
apple,Seedling,September,2025-03-01
apple,Seedling,September,2025-03-01
apple,Seedling,September,2025-04-01
apple,Seedling,September,2025-04-01
apple,Vegetative,March,2025-04-01
apple,Vegetative,March,2025-04-01
apple,Flowering,June,2025-04-01
apple,Vegetative,March,2025-04-01
apple,Flowering,June,2025-04-01
apple,Flowering,June,2025-04-01
apple,Seedling,September,2025-04-01
apple,Vegetative,March,2025-04-01
orange,Flowering,June,2025-01-01
orange,Flowering,June,2025-01-01
orange,Vegetative,March,2025-01-01
orange,Vegetative,March,2025-01-01
orange,Vegetative,March,2025-01-01
orange,Seedling,September,2025-01-01
orange,Flowering,June,2025-01-01
orange,Seedling,September,2025-01-01
orange,Seedling,September,2025-01-01
orange,Vegetative,March,2025-01-01
orange,Flowering,June,2025-01-01
orange,Vegetative,March,2025-01-01
orange,Seedling,September,2025-01-01
orange,Vegetative,March,2025-01-01
orange,Flowering,June,2025-01-01
orange,Flowering,June,2025-01-01
orange,Flowering,June,2025-01-01
orange,Flowering,June,2025-01-01
orange,Vegetative,March,2025-01-01
orange,Vegetative,March,2025-01-01
orange,Vegetative,March,2025-01-01
orange,Seedling,September,2025-01-01
orange,Vegetative,March,2025-01-01
orange,Vegetative,March,2025-01-01
orange,Flowering,June,2025-01-01
orange,Vegetative,March,2025-01-01
orange,Flowering,June,2025-01-01
orange,Flowering,June,2025-01-01
orange,Flowering,June,2025-01-01
orange,Flowering,June,2025-01-01
orange,Flowering,June,2025-01-01
orange,Vegetative,March,2025-02-01
orange,Vegetative,March,2025-02-01
orange,Flowering,June,2025-02-01
orange,Flowering,June,2025-02-01
orange,Seedling,September,2025-02-01
orange,Flowering,June,2025-02-01
orange,Seedling,September,2025-02-01
orange,Seedling,September,2025-02-01
orange,Flowering,June,2025-02-01
orange,Flowering,June,2025-02-01
orange,Flowering,June,2025-02-01
orange,Flowering,June,2025-02-01
orange,Flowering,June,2025-02-01
orange,Flowering,June,2025-02-01
orange,Seedling,September,2025-02-01
orange,Flowering,June,2025-02-01
orange,Flowering,June,2025-02-01
orange,Seedling,September,2025-02-01
orange,Vegetative,March,2025-02-01
orange,Seedling,September,2025-02-01
orange,Seedling,September,2025-02-01
orange,Flowering,June,2025-02-01
orange,Flowering,June,2025-02-01
orange,Flowering,June,2025-02-01
orange,Flowering,June,2025-02-01
orange,Vegetative,March,2025-02-01
orange,Seedling,September,2025-02-01
orange,Flowering,June,2025-02-01
orange,Vegetative,March,2025-03-01
orange,Flowering,June,2025-03-01
orange,Vegetative,March,2025-03-01
orange,Seedling,September,2025-03-01
orange,Seedling,September,2025-03-01
orange,Flowering,June,2025-03-01
orange,Vegetative,March,2025-03-01
orange,Flowering,June,2025-03-01
orange,Vegetative,March,2025-03-01
orange,Flowering,June,2025-03-01
orange,Seedling,September,2025-03-01
orange,Seedling,September,2025-03-01
orange,Seedling,September,2025-03-01
orange,Vegetative,March,2025-03-01
orange,Vegetative,March,2025-03-01
orange,Flowering,June,2025-03-01
orange,Flowering,June,2025-03-01
orange,Vegetative,March,2025-03-01
orange,Vegetative,March,2025-03-01
orange,Vegetative,March,2025-03-01
orange,Vegetative,March,2025-03-01
orange,Seedling,September,2025-03-01
orange,Vegetative,March,2025-03-01
orange,Vegetative,March,2025-03-01
orange,Vegetative,March,2025-03-01
orange,Vegetative,March,2025-03-01
orange,Flowering,June,2025-03-01
orange,Flowering,June,2025-03-01
orange,Flowering,June,2025-03-01
orange,Seedling,September,2025-03-01
orange,Seedling,September,2025-03-01
orange,Vegetative,March,2025-04-01
orange,Vegetative,March,2025-04-01
orange,Seedling,September,2025-04-01
orange,Vegetative,March,2025-04-01
orange,Flowering,June,2025-04-01
orange,Vegetative,March,2025-04-01
orange,Flowering,June,2025-04-01
orange,Seedling,September,2025-04-01
orange,Vegetative,March,2025-04-01
orange,Seedling,September,2025-04-01
papaya,Vegetative,March,2025-01-01
papaya,Seedling,September,2025-01-01
papaya,Vegetative,March,2025-01-01
papaya,Seedling,September,2025-01-01
papaya,Seedling,September,2025-01-01
papaya,Flowering,June,2025-01-01
papaya,Seedling,September,2025-01-01
papaya,Seedling,September,2025-01-01
papaya,Vegetative,March,2025-01-01
papaya,Seedling,September,2025-01-01
papaya,Seedling,September,2025-01-01
papaya,Flowering,June,2025-01-01
papaya,Flowering,June,2025-01-01
papaya,Flowering,June,2025-01-01
papaya,Flowering,June,2025-01-01
papaya,Flowering,June,2025-01-01
papaya,Seedling,September,2025-01-01
papaya,Vegetative,March,2025-01-01
papaya,Seedling,September,2025-01-01
papaya,Seedling,September,2025-01-01
papaya,Vegetative,March,2025-01-01
papaya,Vegetative,March,2025-01-01
papaya,Seedling,September,2025-01-01
papaya,Vegetative,March,2025-01-01
papaya,Flowering,June,2025-01-01
papaya,Vegetative,March,2025-01-01
papaya,Vegetative,March,2025-01-01
papaya,Flowering,June,2025-01-01
papaya,Seedling,September,2025-01-01
papaya,Vegetative,March,2025-01-01
papaya,Flowering,June,2025-01-01
papaya,Seedling,September,2025-02-01
papaya,Vegetative,March,2025-02-01
papaya,Seedling,September,2025-02-01
papaya,Flowering,June,2025-02-01
papaya,Flowering,June,2025-02-01
papaya,Vegetative,March,2025-02-01
papaya,Flowering,June,2025-02-01
papaya,Vegetative,March,2025-02-01
papaya,Seedling,September,2025-02-01
papaya,Flowering,June,2025-02-01
papaya,Vegetative,March,2025-02-01
papaya,Seedling,September,2025-02-01
papaya,Seedling,September,2025-02-01
papaya,Seedling,September,2025-02-01
papaya,Flowering,June,2025-02-01
papaya,Vegetative,March,2025-02-01
papaya,Flowering,June,2025-02-01
papaya,Seedling,September,2025-02-01
papaya,Flowering,June,2025-02-01
papaya,Seedling,September,2025-02-01
papaya,Seedling,September,2025-02-01
papaya,Flowering,June,2025-02-01
papaya,Flowering,June,2025-02-01
papaya,Vegetative,March,2025-02-01
papaya,Vegetative,March,2025-02-01
papaya,Flowering,June,2025-02-01
papaya,Vegetative,March,2025-02-01
papaya,Flowering,June,2025-02-01
papaya,Seedling,September,2025-03-01
papaya,Vegetative,March,2025-03-01
papaya,Seedling,September,2025-03-01
papaya,Vegetative,March,2025-03-01
papaya,Flowering,June,2025-03-01
papaya,Flowering,June,2025-03-01
papaya,Flowering,June,2025-03-01
papaya,Seedling,September,2025-03-01
papaya,Seedling,September,2025-03-01
papaya,Seedling,September,2025-03-01
papaya,Flowering,June,2025-03-01
papaya,Vegetative,March,2025-03-01
papaya,Vegetative,March,2025-03-01
papaya,Seedling,September,2025-03-01
papaya,Vegetative,March,2025-03-01
papaya,Flowering,June,2025-03-01
papaya,Seedling,September,2025-03-01
papaya,Vegetative,March,2025-03-01
papaya,Vegetative,March,2025-03-01
papaya,Vegetative,March,2025-03-01
papaya,Vegetative,March,2025-03-01
papaya,Vegetative,March,2025-03-01
papaya,Seedling,September,2025-03-01
papaya,Vegetative,March,2025-03-01
papaya,Flowering,June,2025-03-01
papaya,Vegetative,March,2025-03-01
papaya,Flowering,June,2025-03-01
papaya,Seedling,September,2025-03-01
papaya,Flowering,June,2025-03-01
papaya,Seedling,September,2025-03-01
papaya,Seedling,September,2025-03-01
papaya,Seedling,September,2025-04-01
papaya,Flowering,June,2025-04-01
papaya,Vegetative,March,2025-04-01
papaya,Seedling,September,2025-04-01
papaya,Vegetative,March,2025-04-01
papaya,Flowering,June,2025-04-01
papaya,Vegetative,March,2025-04-01
papaya,Flowering,June,2025-04-01
papaya,Flowering,June,2025-04-01
papaya,Flowering,June,2025-04-01
coconut,Flowering,June,2025-01-01
coconut,Seedling,September,2025-01-01
coconut,Flowering,June,2025-01-01
coconut,Seedling,September,2025-01-01
coconut,Seedling,September,2025-01-01
coconut,Flowering,June,2025-01-01
coconut,Vegetative,March,2025-01-01
coconut,Seedling,September,2025-01-01
coconut,Flowering,June,2025-01-01
coconut,Seedling,September,2025-01-01
coconut,Flowering,June,2025-01-01
coconut,Seedling,September,2025-01-01
coconut,Flowering,June,2025-01-01
coconut,Seedling,September,2025-01-01
coconut,Seedling,September,2025-01-01
coconut,Seedling,September,2025-01-01
coconut,Vegetative,March,2025-01-01
coconut,Seedling,September,2025-01-01
coconut,Vegetative,March,2025-01-01
coconut,Flowering,June,2025-01-01
coconut,Flowering,June,2025-01-01
coconut,Seedling,September,2025-01-01
coconut,Seedling,September,2025-01-01
coconut,Flowering,June,2025-01-01
coconut,Vegetative,March,2025-01-01
coconut,Flowering,June,2025-01-01
coconut,Seedling,September,2025-01-01
coconut,Flowering,June,2025-01-01
coconut,Vegetative,March,2025-01-01
coconut,Flowering,June,2025-01-01
coconut,Seedling,September,2025-01-01
coconut,Seedling,September,2025-02-01
coconut,Flowering,June,2025-02-01
coconut,Flowering,June,2025-02-01
coconut,Seedling,September,2025-02-01
coconut,Vegetative,March,2025-02-01
coconut,Vegetative,March,2025-02-01
coconut,Flowering,June,2025-02-01
coconut,Seedling,September,2025-02-01
coconut,Seedling,September,2025-02-01
coconut,Flowering,June,2025-02-01
coconut,Flowering,June,2025-02-01
coconut,Seedling,September,2025-02-01
coconut,Flowering,June,2025-02-01
coconut,Flowering,June,2025-02-01
coconut,Flowering,June,2025-02-01
coconut,Vegetative,March,2025-02-01
coconut,Seedling,September,2025-02-01
coconut,Seedling,September,2025-02-01
coconut,Vegetative,March,2025-02-01
coconut,Seedling,September,2025-02-01
coconut,Vegetative,March,2025-02-01
coconut,Seedling,September,2025-02-01
coconut,Seedling,September,2025-02-01
coconut,Flowering,June,2025-02-01
coconut,Flowering,June,2025-02-01
coconut,Flowering,June,2025-02-01
coconut,Flowering,June,2025-02-01
coconut,Seedling,September,2025-02-01
coconut,Vegetative,March,2025-03-01
coconut,Seedling,September,2025-03-01
coconut,Seedling,September,2025-03-01
coconut,Flowering,June,2025-03-01
coconut,Flowering,June,2025-03-01
coconut,Vegetative,March,2025-03-01
coconut,Seedling,September,2025-03-01
coconut,Seedling,September,2025-03-01
coconut,Vegetative,March,2025-03-01
coconut,Vegetative,March,2025-03-01
coconut,Flowering,June,2025-03-01
coconut,Seedling,September,2025-03-01
coconut,Flowering,June,2025-03-01
coconut,Flowering,June,2025-03-01
coconut,Vegetative,March,2025-03-01
coconut,Seedling,September,2025-03-01
coconut,Seedling,September,2025-03-01
coconut,Seedling,September,2025-03-01
coconut,Flowering,June,2025-03-01
coconut,Vegetative,March,2025-03-01
coconut,Flowering,June,2025-03-01
coconut,Seedling,September,2025-03-01
coconut,Flowering,June,2025-03-01
coconut,Seedling,September,2025-03-01
coconut,Vegetative,March,2025-03-01
coconut,Vegetative,March,2025-03-01
coconut,Seedling,September,2025-03-01
coconut,Seedling,September,2025-03-01
coconut,Flowering,June,2025-03-01
coconut,Flowering,June,2025-03-01
coconut,Flowering,June,2025-03-01
coconut,Seedling,September,2025-04-01
coconut,Seedling,September,2025-04-01
coconut,Flowering,June,2025-04-01
coconut,Flowering,June,2025-04-01
coconut,Vegetative,March,2025-04-01
coconut,Seedling,September,2025-04-01
coconut,Vegetative,March,2025-04-01
coconut,Vegetative,March,2025-04-01
coconut,Flowering,June,2025-04-01
coconut,Flowering,June,2025-04-01
cotton,Flowering,June,2025-01-01
cotton,Vegetative,March,2025-01-01
cotton,Seedling,September,2025-01-01
cotton,Flowering,June,2025-01-01
cotton,Vegetative,March,2025-01-01
cotton,Vegetative,March,2025-01-01
cotton,Seedling,September,2025-01-01
cotton,Flowering,June,2025-01-01
cotton,Flowering,June,2025-01-01
cotton,Flowering,June,2025-01-01
cotton,Seedling,September,2025-01-01
cotton,Seedling,September,2025-01-01
cotton,Flowering,June,2025-01-01
cotton,Flowering,June,2025-01-01
cotton,Seedling,September,2025-01-01
cotton,Vegetative,March,2025-01-01
cotton,Vegetative,March,2025-01-01
cotton,Flowering,June,2025-01-01
cotton,Vegetative,March,2025-01-01
cotton,Vegetative,March,2025-01-01
cotton,Seedling,September,2025-01-01
cotton,Flowering,June,2025-01-01
cotton,Vegetative,March,2025-01-01
cotton,Vegetative,March,2025-01-01
cotton,Vegetative,March,2025-01-01
cotton,Vegetative,March,2025-01-01
cotton,Seedling,September,2025-01-01
cotton,Seedling,September,2025-01-01
cotton,Vegetative,March,2025-01-01
cotton,Seedling,September,2025-01-01
cotton,Seedling,September,2025-01-01
cotton,Vegetative,March,2025-02-01
cotton,Vegetative,March,2025-02-01
cotton,Flowering,June,2025-02-01
cotton,Flowering,June,2025-02-01
cotton,Flowering,June,2025-02-01
cotton,Flowering,June,2025-02-01
cotton,Flowering,June,2025-02-01
cotton,Seedling,September,2025-02-01
cotton,Vegetative,March,2025-02-01
cotton,Flowering,June,2025-02-01
cotton,Flowering,June,2025-02-01
cotton,Vegetative,March,2025-02-01
cotton,Flowering,June,2025-02-01
cotton,Vegetative,March,2025-02-01
cotton,Flowering,June,2025-02-01
cotton,Vegetative,March,2025-02-01
cotton,Vegetative,March,2025-02-01
cotton,Seedling,September,2025-02-01
cotton,Seedling,September,2025-02-01
cotton,Seedling,September,2025-02-01
cotton,Seedling,September,2025-02-01
cotton,Flowering,June,2025-02-01
cotton,Flowering,June,2025-02-01
cotton,Vegetative,March,2025-02-01
cotton,Vegetative,March,2025-02-01
cotton,Vegetative,March,2025-02-01
cotton,Vegetative,March,2025-02-01
cotton,Flowering,June,2025-02-01
cotton,Seedling,September,2025-03-01
cotton,Flowering,June,2025-03-01
cotton,Vegetative,March,2025-03-01
cotton,Vegetative,March,2025-03-01
cotton,Seedling,September,2025-03-01
cotton,Seedling,September,2025-03-01
cotton,Flowering,June,2025-03-01
cotton,Vegetative,March,2025-03-01
cotton,Vegetative,March,2025-03-01
cotton,Seedling,September,2025-03-01
cotton,Vegetative,March,2025-03-01
cotton,Flowering,June,2025-03-01
cotton,Seedling,September,2025-03-01
cotton,Flowering,June,2025-03-01
cotton,Flowering,June,2025-03-01
cotton,Flowering,June,2025-03-01
cotton,Flowering,June,2025-03-01
cotton,Vegetative,March,2025-03-01
cotton,Vegetative,March,2025-03-01
cotton,Seedling,September,2025-03-01
cotton,Vegetative,March,2025-03-01
cotton,Seedling,September,2025-03-01
cotton,Flowering,June,2025-03-01
cotton,Vegetative,March,2025-03-01
cotton,Vegetative,March,2025-03-01
cotton,Vegetative,March,2025-03-01
cotton,Vegetative,March,2025-03-01
cotton,Vegetative,March,2025-03-01
cotton,Flowering,June,2025-03-01
cotton,Seedling,September,2025-03-01
cotton,Seedling,September,2025-03-01
cotton,Flowering,June,2025-04-01
cotton,Seedling,September,2025-04-01
cotton,Vegetative,March,2025-04-01
cotton,Vegetative,March,2025-04-01
cotton,Flowering,June,2025-04-01
cotton,Seedling,September,2025-04-01
cotton,Flowering,June,2025-04-01
cotton,Seedling,September,2025-04-01
cotton,Seedling,September,2025-04-01
cotton,Vegetative,March,2025-04-01
jute,Vegetative,March,2025-01-01
jute,Seedling,September,2025-01-01
jute,Vegetative,March,2025-01-01
jute,Seedling,September,2025-01-01
jute,Flowering,June,2025-01-01
jute,Vegetative,March,2025-01-01
jute,Vegetative,March,2025-01-01
jute,Flowering,June,2025-01-01
jute,Flowering,June,2025-01-01
jute,Vegetative,March,2025-01-01
jute,Flowering,June,2025-01-01
jute,Seedling,September,2025-01-01
jute,Seedling,September,2025-01-01
jute,Flowering,June,2025-01-01
jute,Flowering,June,2025-01-01
jute,Seedling,September,2025-01-01
jute,Flowering,June,2025-01-01
jute,Seedling,September,2025-01-01
jute,Seedling,September,2025-01-01
jute,Seedling,September,2025-01-01
jute,Seedling,September,2025-01-01
jute,Seedling,September,2025-01-01
jute,Seedling,September,2025-01-01
jute,Vegetative,March,2025-01-01
jute,Seedling,September,2025-01-01
jute,Seedling,September,2025-01-01
jute,Vegetative,March,2025-01-01
jute,Flowering,June,2025-01-01
jute,Flowering,June,2025-01-01
jute,Vegetative,March,2025-01-01
jute,Flowering,June,2025-01-01
jute,Vegetative,March,2025-02-01
jute,Seedling,September,2025-02-01
jute,Flowering,June,2025-02-01
jute,Seedling,September,2025-02-01
jute,Flowering,June,2025-02-01
jute,Flowering,June,2025-02-01
jute,Seedling,September,2025-02-01
jute,Flowering,June,2025-02-01
jute,Seedling,September,2025-02-01
jute,Vegetative,March,2025-02-01
jute,Seedling,September,2025-02-01
jute,Seedling,September,2025-02-01
jute,Seedling,September,2025-02-01
jute,Vegetative,March,2025-02-01
jute,Vegetative,March,2025-02-01
jute,Vegetative,March,2025-02-01
jute,Seedling,September,2025-02-01
jute,Seedling,September,2025-02-01
jute,Flowering,June,2025-02-01
jute,Seedling,September,2025-02-01
jute,Seedling,September,2025-02-01
jute,Flowering,June,2025-02-01
jute,Vegetative,March,2025-02-01
jute,Seedling,September,2025-02-01
jute,Seedling,September,2025-02-01
jute,Seedling,September,2025-02-01
jute,Flowering,June,2025-02-01
jute,Vegetative,March,2025-02-01
jute,Flowering,June,2025-03-01
jute,Vegetative,March,2025-03-01
jute,Seedling,September,2025-03-01
jute,Flowering,June,2025-03-01
jute,Vegetative,March,2025-03-01
jute,Vegetative,March,2025-03-01
jute,Seedling,September,2025-03-01
jute,Seedling,September,2025-03-01
jute,Vegetative,March,2025-03-01
jute,Vegetative,March,2025-03-01
jute,Seedling,September,2025-03-01
jute,Vegetative,March,2025-03-01
jute,Flowering,June,2025-03-01
jute,Seedling,September,2025-03-01
jute,Seedling,September,2025-03-01
jute,Flowering,June,2025-03-01
jute,Seedling,September,2025-03-01
jute,Vegetative,March,2025-03-01
jute,Flowering,June,2025-03-01
jute,Flowering,June,2025-03-01
jute,Seedling,September,2025-03-01
jute,Seedling,September,2025-03-01
jute,Seedling,September,2025-03-01
jute,Seedling,September,2025-03-01
jute,Flowering,June,2025-03-01
jute,Flowering,June,2025-03-01
jute,Flowering,June,2025-03-01
jute,Vegetative,March,2025-03-01
jute,Seedling,September,2025-03-01
jute,Vegetative,March,2025-03-01
jute,Flowering,June,2025-03-01
jute,Vegetative,March,2025-04-01
jute,Seedling,September,2025-04-01
jute,Seedling,September,2025-04-01
jute,Flowering,June,2025-04-01
jute,Flowering,June,2025-04-01
jute,Vegetative,March,2025-04-01
jute,Vegetative,March,2025-04-01
jute,Vegetative,March,2025-04-01
jute,Flowering,June,2025-04-01
jute,Vegetative,March,2025-04-01
coffee,Vegetative,March,2025-01-01
coffee,Vegetative,March,2025-01-01
coffee,Flowering,June,2025-01-01
coffee,Flowering,June,2025-01-01
coffee,Seedling,September,2025-01-01
coffee,Flowering,June,2025-01-01
coffee,Vegetative,March,2025-01-01
coffee,Flowering,June,2025-01-01
coffee,Vegetative,March,2025-01-01
coffee,Seedling,September,2025-01-01
coffee,Seedling,September,2025-01-01
coffee,Vegetative,March,2025-01-01
coffee,Seedling,September,2025-01-01
coffee,Seedling,September,2025-01-01
coffee,Seedling,September,2025-01-01
coffee,Vegetative,March,2025-01-01
coffee,Vegetative,March,2025-01-01
coffee,Vegetative,March,2025-01-01
coffee,Vegetative,March,2025-01-01
coffee,Flowering,June,2025-01-01
coffee,Flowering,June,2025-01-01
coffee,Seedling,September,2025-01-01
coffee,Vegetative,March,2025-01-01
coffee,Vegetative,March,2025-01-01
coffee,Seedling,September,2025-01-01
coffee,Flowering,June,2025-01-01
coffee,Seedling,September,2025-01-01
coffee,Seedling,September,2025-01-01
coffee,Flowering,June,2025-01-01
coffee,Seedling,September,2025-01-01
coffee,Seedling,September,2025-01-01
coffee,Flowering,June,2025-02-01
coffee,Flowering,June,2025-02-01
coffee,Flowering,June,2025-02-01
coffee,Vegetative,March,2025-02-01
coffee,Seedling,September,2025-02-01
coffee,Flowering,June,2025-02-01
coffee,Seedling,September,2025-02-01
coffee,Flowering,June,2025-02-01
coffee,Flowering,June,2025-02-01
coffee,Flowering,June,2025-02-01
coffee,Flowering,June,2025-02-01
coffee,Flowering,June,2025-02-01
coffee,Flowering,June,2025-02-01
coffee,Vegetative,March,2025-02-01
coffee,Seedling,September,2025-02-01
coffee,Flowering,June,2025-02-01
coffee,Vegetative,March,2025-02-01
coffee,Vegetative,March,2025-02-01
coffee,Vegetative,March,2025-02-01
coffee,Seedling,September,2025-02-01
coffee,Vegetative,March,2025-02-01
coffee,Flowering,June,2025-02-01
coffee,Flowering,June,2025-02-01
coffee,Seedling,September,2025-02-01
coffee,Flowering,June,2025-02-01
coffee,Flowering,June,2025-02-01
coffee,Seedling,September,2025-02-01
coffee,Flowering,June,2025-02-01
coffee,Seedling,September,2025-03-01
coffee,Seedling,September,2025-03-01
coffee,Flowering,June,2025-03-01
coffee,Vegetative,March,2025-03-01
coffee,Flowering,June,2025-03-01
coffee,Seedling,September,2025-03-01
coffee,Flowering,June,2025-03-01
coffee,Seedling,September,2025-03-01
coffee,Vegetative,March,2025-03-01
coffee,Seedling,September,2025-03-01
coffee,Vegetative,March,2025-03-01
coffee,Vegetative,March,2025-03-01
coffee,Flowering,June,2025-03-01
coffee,Seedling,September,2025-03-01
coffee,Vegetative,March,2025-03-01
coffee,Seedling,September,2025-03-01
coffee,Seedling,September,2025-03-01
coffee,Flowering,June,2025-03-01
coffee,Flowering,June,2025-03-01
coffee,Vegetative,March,2025-03-01
coffee,Flowering,June,2025-03-01
coffee,Vegetative,March,2025-03-01
coffee,Seedling,September,2025-03-01
coffee,Seedling,September,2025-03-01
coffee,Seedling,September,2025-03-01
coffee,Flowering,June,2025-03-01
coffee,Seedling,September,2025-03-01
coffee,Vegetative,March,2025-03-01
coffee,Vegetative,March,2025-03-01
coffee,Seedling,September,2025-03-01
coffee,Seedling,September,2025-03-01
coffee,Seedling,September,2025-04-01
coffee,Vegetative,March,2025-04-01
coffee,Seedling,September,2025-04-01
coffee,Vegetative,March,2025-04-01
coffee,Flowering,June,2025-04-01
coffee,Flowering,June,2025-04-01
coffee,Vegetative,March,2025-04-01
coffee,Vegetative,March,2025-04-01
coffee,Vegetative,March,2025-04-01
coffee,Flowering,June,2025-04-01
